target,base,price,p10,p25,p75,p90
2026-09-28,2026-09-25,127.75,99.45,104.14,112.77,117.33
2026-09-29,2026-09-28,107.0,101.26,106.26,115.47,120.37
2026-09-30,2026-09-29,110.98,105.28,110.59,120.21,125.32
2026-10-01,2026-09-30,106.27,99.71,104.35,112.99,117.61
2026-10-02,2026-10-01,102.14,99.03,103.46,111.61,115.94
2026-10-05,2026-10-02,105.28,97.44,101.53,109.0,112.96
2026-10-06,2026-10-05,104.18,99.8,103.89,111.43,115.42
2026-10-07,2026-10-06,106.4,90.0,93.75,100.62,104.27
2026-10-08,2026-10-07,96.04,91.12,94.87,101.93,105.69
2026-10-09,2026-10-08,100.2,97.72,101.67,109.11,113.06
2026-10-12,2026-10-09,109.15,101.07,105.33,113.36,117.62
