date,type,kind,price,fake
2026-09-29,volume,res,4445.0,0
2026-09-29,volume,res,4427.22,1
2026-09-29,fib,res,4436.55,0
2026-09-29,fib,res,4454.3,1
2026-09-29,extreme,res,4422.1,0
2026-09-29,extreme,res,4404.41,1
2026-09-29,pivot,res,4402.77,0
2026-09-29,pivot,res,4420.38,1
2026-09-29,volume,res,4400.0,0
2026-09-29,volume,res,4382.4,1
2026-09-29,ma,res,4361.52,0
2026-09-29,ma,res,4378.97,1
2026-09-29,pivot,res,4340.53,0
2026-09-29,pivot,res,4323.17,1
2026-09-29,swing,res,4329.75,0
2026-09-29,swing,res,4347.07,1
2026-09-29,volume,res,4325.0,0
2026-09-29,volume,res,4307.7,1
2026-09-29,fib,res,4323.0,0
2026-09-29,fib,res,4340.29,1
2026-09-29,round,res,4300.0,0
2026-09-29,round,res,4282.8,1
2026-09-29,swing,res,4297.3,0
2026-09-29,swing,res,4314.49,1
2026-09-29,extreme,res,4278.3,0
2026-09-29,extreme,res,4261.19,1
2026-09-29,swing,res,4276.52,0
2026-09-29,swing,res,4293.63,1
2026-09-29,pivot,res,4258.97,0
2026-09-29,pivot,res,4241.93,1
2026-09-29,round,res,4250.0,0
2026-09-29,round,res,4267.0,1
2026-09-29,extreme,res,4233.1,0
2026-09-29,extreme,res,4216.17,1
2026-09-29,round,sup,4200.0,0
2026-09-29,round,sup,4216.8,1
2026-09-29,pivot,sup,4196.73,0
2026-09-29,pivot,sup,4179.95,1
2026-09-29,fib,sup,4182.5,0
2026-09-29,fib,sup,4199.23,1
2026-09-29,swing,sup,4174.95,0
2026-09-29,swing,sup,4158.25,1
2026-09-29,round,sup,4150.0,0
2026-09-29,round,sup,4166.6,1
2026-09-29,extreme,sup,4143.1,0
2026-09-29,extreme,sup,4126.53,1
2026-09-29,swing,sup,4142.43,0
2026-09-29,swing,sup,4159.0,1
2026-09-29,swing,sup,4115.9,0
2026-09-29,swing,sup,4099.44,1
2026-09-30,volume,res,4445.0,0
2026-09-30,volume,res,4427.22,1
2026-09-30,fib,res,4436.55,0
2026-09-30,fib,res,4454.3,1
2026-09-30,extreme,res,4422.1,0
2026-09-30,extreme,res,4404.41,1
2026-09-30,pivot,res,4402.77,0
2026-09-30,pivot,res,4420.38,1
2026-09-30,volume,res,4400.0,0
2026-09-30,volume,res,4382.4,1
2026-09-30,ma,res,4364.17,0
2026-09-30,ma,res,4381.62,1
2026-09-30,pivot,res,4340.53,0
2026-09-30,pivot,res,4323.17,1
2026-09-30,swing,res,4329.75,0
2026-09-30,swing,res,4347.07,1
2026-09-30,volume,res,4325.0,0
2026-09-30,volume,res,4307.7,1
2026-09-30,fib,res,4323.0,0
2026-09-30,fib,res,4340.29,1
2026-09-30,round,res,4300.0,0
2026-09-30,round,res,4282.8,1
2026-09-30,swing,res,4297.3,0
2026-09-30,swing,res,4314.49,1
2026-09-30,extreme,res,4278.3,0
2026-09-30,extreme,res,4261.19,1
2026-09-30,swing,res,4276.52,0
2026-09-30,swing,res,4293.63,1
2026-09-30,pivot,res,4258.97,0
2026-09-30,pivot,res,4241.93,1
2026-09-30,round,res,4250.0,0
2026-09-30,round,res,4267.0,1
2026-09-30,extreme,sup,4219.7,0
2026-09-30,extreme,sup,4202.82,1
2026-09-30,round,sup,4200.0,0
2026-09-30,round,sup,4216.8,1
2026-09-30,pivot,sup,4196.73,0
2026-09-30,pivot,sup,4179.95,1
2026-09-30,fib,sup,4182.5,0
2026-09-30,fib,sup,4199.23,1
2026-09-30,swing,sup,4174.95,0
2026-09-30,swing,sup,4158.25,1
2026-09-30,extreme,sup,4153.1,0
2026-09-30,extreme,sup,4169.71,1
2026-09-30,round,sup,4150.0,0
2026-09-30,round,sup,4133.4,1
2026-09-30,swing,sup,4139.45,0
2026-09-30,swing,sup,4156.01,1
2026-09-30,swing,sup,4115.9,0
2026-09-30,swing,sup,4099.44,1
