ticker,name,ndx,built
MMM,3M,False,2026-10-03
AOS,A. O. Smith,False,2026-10-03
ABT,Abbott Laboratories,False,2026-10-03
ABBV,AbbVie,False,2026-10-03
ACN,Accenture,False,2026-10-03
ADBE,Adobe Inc.,True,2026-10-03
AMD,Advanced Micro Devices,True,2026-10-03
AES,AES Corporation,False,2026-10-03
AFL,Aflac,False,2026-10-03
A,Agilent Technologies,False,2026-10-03
APD,Air Products,False,2026-10-03
ABNB,Airbnb,True,2026-10-03
AKAM,Akamai Technologies,False,2026-10-03
ALB,Albemarle Corporation,False,2026-10-03
ARE,Alexandria Real Estate Equities,False,2026-10-03
ALGN,Align Technology,False,2026-10-03
ALLE,Allegion,False,2026-10-03
LNT,Alliant Energy,False,2026-10-03
ALL,Allstate,False,2026-10-03
GOOGL,Alphabet Inc. (Class A),True,2026-10-03
GOOG,Alphabet Inc. (Class C),True,2026-10-03
MO,Altria,False,2026-10-03
AMZN,Amazon,True,2026-10-03
AMCR,Amcor,False,2026-10-03
AEE,Ameren,False,2026-10-03
AEP,American Electric Power,True,2026-10-03
AXP,American Express,False,2026-10-03
AIG,American International Group,False,2026-10-03
AMT,American Tower,False,2026-10-03
AWK,American Water Works,False,2026-10-03
AMP,Ameriprise Financial,False,2026-10-03
AME,Ametek,False,2026-10-03
AMGN,Amgen,True,2026-10-03
APH,Amphenol,False,2026-10-03
ADI,Analog Devices,True,2026-10-03
AON,Aon plc,False,2026-10-03
APA,APA Corporation,False,2026-10-03
APO,Apollo Global Management,False,2026-10-03
AAPL,Apple Inc.,True,2026-10-03
AMAT,Applied Materials,True,2026-10-03
APP,AppLovin,True,2026-10-03
APTV,Aptiv,False,2026-10-03
ACGL,Arch Capital Group,False,2026-10-03
ADM,Archer Daniels Midland,False,2026-10-03
ARES,Ares Management,False,2026-10-03
ANET,Arista Networks,False,2026-10-03
AJG,Arthur J. Gallagher & Co.,False,2026-10-03
AIZ,Assurant,False,2026-10-03
T,AT&T,False,2026-10-03
ATO,Atmos Energy,False,2026-10-03
ADSK,Autodesk,True,2026-10-03
ADP,Automatic Data Processing,True,2026-10-03
AZO,AutoZone,False,2026-10-03
AVY,Avery Dennison,False,2026-10-03
AXON,Axon Enterprise,True,2026-10-03
BKR,Baker Hughes,True,2026-10-03
BALL,Ball Corporation,False,2026-10-03
BAC,Bank of America,False,2026-10-03
BAX,Baxter International,False,2026-10-03
BDX,Becton Dickinson,False,2026-10-03
BRK-B,Berkshire Hathaway,False,2026-10-03
BBY,Best Buy,False,2026-10-03
TECH,Bio-Techne,False,2026-10-03
BIIB,Biogen,True,2026-10-03
BLK,BlackRock,False,2026-10-03
BX,Blackstone Inc.,False,2026-10-03
XYZ,"Block, Inc.",False,2026-10-03
BE,Bloom Energy,False,2026-10-03
BNY,BNY Mellon,False,2026-10-03
BA,Boeing,False,2026-10-03
BKNG,Booking Holdings,True,2026-10-03
BSX,Boston Scientific,False,2026-10-03
BMY,Bristol Myers Squibb,False,2026-10-03
AVGO,Broadcom,True,2026-10-03
BR,Broadridge Financial Solutions,False,2026-10-03
BRO,Brown & Brown,False,2026-10-03
BF-B,Brown–Forman,False,2026-10-03
BG,Bunge Global,False,2026-10-03
BXP,"BXP, Inc.",False,2026-10-03
CHRW,C.H. Robinson,False,2026-10-03
CDNS,Cadence Design Systems,True,2026-10-03
CPT,Camden Property Trust,False,2026-10-03
COF,Capital One,False,2026-10-03
CAH,Cardinal Health,False,2026-10-03
CCL,Carnival Corporation,False,2026-10-03
CARR,Carrier Global,False,2026-10-03
CVNA,Carvana,False,2026-10-03
CASY,Casey's,False,2026-10-03
CAT,Caterpillar Inc.,False,2026-10-03
CBOE,Cboe Global Markets,False,2026-10-03
CBRE,CBRE Group,False,2026-10-03
CDW,CDW Corporation,True,2026-10-03
COR,Cencora,False,2026-10-03
CNC,Centene Corporation,False,2026-10-03
CNP,CenterPoint Energy,False,2026-10-03
CF,CF Industries,False,2026-10-03
CRL,Charles River Laboratories,False,2026-10-03
SCHW,Charles Schwab Corporation,False,2026-10-03
CHTR,Charter Communications,True,2026-10-03
CVX,Chevron Corporation,False,2026-10-03
CMG,Chipotle Mexican Grill,False,2026-10-03
CB,Chubb Limited,False,2026-10-03
CHD,Church & Dwight,False,2026-10-03
CIEN,Ciena,False,2026-10-03
CI,Cigna,False,2026-10-03
CINF,Cincinnati Financial,False,2026-10-03
CTAS,Cintas,True,2026-10-03
CSCO,Cisco,True,2026-10-03
C,Citigroup,False,2026-10-03
CFG,Citizens Financial Group,False,2026-10-03
CLX,Clorox,False,2026-10-03
CME,CME Group,False,2026-10-03
CMS,CMS Energy,False,2026-10-03
KO,Coca-Cola Company (The),False,2026-10-03
CTSH,Cognizant,True,2026-10-03
COHR,Coherent Corp.,False,2026-10-03
COIN,Coinbase,False,2026-10-03
CL,Colgate-Palmolive,False,2026-10-03
CMCSA,Comcast,True,2026-10-03
FIX,Comfort Systems USA,False,2026-10-03
COP,ConocoPhillips,False,2026-10-03
ED,Consolidated Edison,False,2026-10-03
STZ,Constellation Brands,False,2026-10-03
CEG,Constellation Energy,True,2026-10-03
COO,Cooper Companies (The),False,2026-10-03
CPRT,Copart,True,2026-10-03
GLW,Corning Inc.,False,2026-10-03
CPAY,Corpay,False,2026-10-03
CTVA,Corteva,False,2026-10-03
CSGP,CoStar Group,True,2026-10-03
COST,Costco,True,2026-10-03
CRH,CRH plc,False,2026-10-03
CRWD,CrowdStrike,True,2026-10-03
CCI,Crown Castle,False,2026-10-03
CSX,CSX Corporation,True,2026-10-03
CMI,Cummins,False,2026-10-03
CVS,CVS Health,False,2026-10-03
DHR,Danaher Corporation,False,2026-10-03
DRI,Darden Restaurants,False,2026-10-03
DDOG,Datadog,True,2026-10-03
DVA,DaVita,False,2026-10-03
DECK,Deckers Brands,False,2026-10-03
DE,Deere & Company,False,2026-10-03
DELL,Dell Technologies,False,2026-10-03
DAL,Delta Air Lines,False,2026-10-03
DVN,Devon Energy,False,2026-10-03
DXCM,Dexcom,True,2026-10-03
FANG,Diamondback Energy,True,2026-10-03
DLR,Digital Realty,False,2026-10-03
DG,Dollar General,False,2026-10-03
DLTR,Dollar Tree,False,2026-10-03
D,Dominion Energy,False,2026-10-03
DPZ,Domino's,False,2026-10-03
DASH,DoorDash,True,2026-10-03
DOV,Dover Corporation,False,2026-10-03
DOW,Dow Inc.,False,2026-10-03
DHI,D. R. Horton,False,2026-10-03
DTE,DTE Energy,False,2026-10-03
DUK,Duke Energy,False,2026-10-03
DD,DuPont,False,2026-10-03
ETN,Eaton Corporation,False,2026-10-03
EBAY,eBay Inc.,False,2026-10-03
ECHO,EchoStar,False,2026-10-03
ECL,Ecolab,False,2026-10-03
EIX,Edison International,False,2026-10-03
EW,Edwards Lifesciences,False,2026-10-03
ELV,Elevance Health,False,2026-10-03
EME,Emcor,False,2026-10-03
EMR,Emerson Electric,False,2026-10-03
ETR,Entergy,False,2026-10-03
EOG,EOG Resources,False,2026-10-03
EQT,EQT Corporation,False,2026-10-03
EFX,Equifax,False,2026-10-03
EQIX,Equinix,False,2026-10-03
ERIE,Erie Indemnity,False,2026-10-03
ESS,Essex Property Trust,False,2026-10-03
EL,Estée Lauder Companies (The),False,2026-10-03
EG,Everest Group,False,2026-10-03
EVRG,Evergy,False,2026-10-03
P,Everpure,False,2026-10-03
ES,Eversource Energy,False,2026-10-03
EXC,Exelon,True,2026-10-03
EXE,Expand Energy,False,2026-10-03
EXPE,Expedia Group,False,2026-10-03
EXPD,Expeditors International,False,2026-10-03
EXR,Extra Space Storage,False,2026-10-03
XOM,ExxonMobil,False,2026-10-03
FFIV,"F5, Inc.",False,2026-10-03
FDS,FactSet,False,2026-10-03
FICO,Fair Isaac,False,2026-10-03
FAST,Fastenal,True,2026-10-03
FRT,Federal Realty Investment Trust,False,2026-10-03
FDX,FedEx,False,2026-10-03
FDXF,FedEx Freight,False,2026-10-03
FERG,Ferguson Enterprises,False,2026-10-03
FIS,Fidelity National Information Services,False,2026-10-03
FITB,Fifth Third Bancorp,False,2026-10-03
FSLR,First Solar,False,2026-10-03
FE,FirstEnergy,False,2026-10-03
FISV,Fiserv,False,2026-10-03
FLEX,Flex Ltd.,False,2026-10-03
F,Ford Motor Company,False,2026-10-03
FTNT,Fortinet,True,2026-10-03
FTV,Fortive,False,2026-10-03
FOXA,Fox Corporation (Class A),False,2026-10-03
FOX,Fox Corporation (Class B),False,2026-10-03
BEN,Franklin Resources,False,2026-10-03
FCX,Freeport-McMoRan,False,2026-10-03
GRMN,Garmin,False,2026-10-03
IT,Gartner,False,2026-10-03
GE,GE Aerospace,False,2026-10-03
GEHC,GE HealthCare,True,2026-10-03
GEV,GE Vernova,False,2026-10-03
GEN,Gen Digital,False,2026-10-03
GNRC,Generac,False,2026-10-03
GD,General Dynamics,False,2026-10-03
GIS,General Mills,False,2026-10-03
GM,General Motors,False,2026-10-03
GPC,Genuine Parts Company,False,2026-10-03
GILD,Gilead Sciences,True,2026-10-03
GPN,Global Payments,False,2026-10-03
GL,Globe Life,False,2026-10-03
GDDY,GoDaddy,False,2026-10-03
GS,Goldman Sachs,False,2026-10-03
HAL,Halliburton,False,2026-10-03
HIG,Hartford (The),False,2026-10-03
HAS,Hasbro,False,2026-10-03
HCA,HCA Healthcare,False,2026-10-03
DOC,Healthpeak Properties,False,2026-10-03
HSIC,Henry Schein,False,2026-10-03
HSY,Hershey Company (The),False,2026-10-03
HPE,Hewlett Packard Enterprise,False,2026-10-03
HLT,Hilton Worldwide,False,2026-10-03
HD,Home Depot (The),False,2026-10-03
HONA,Honeywell Aerospace,False,2026-10-03
HON,Honeywell Technologies,True,2026-10-03
HRL,Hormel Foods,False,2026-10-03
HST,Host Hotels & Resorts,False,2026-10-03
HWM,Howmet Aerospace,False,2026-10-03
HPQ,HP Inc.,False,2026-10-03
HUBB,Hubbell Incorporated,False,2026-10-03
HUM,Humana,False,2026-10-03
HBAN,Huntington Bancshares,False,2026-10-03
HII,Huntington Ingalls Industries,False,2026-10-03
IBM,IBM,False,2026-10-03
IEX,IDEX Corporation,False,2026-10-03
IDXX,Idexx Laboratories,True,2026-10-03
ITW,Illinois Tool Works,False,2026-10-03
ILMN,"Illumina, Inc.",False,2026-10-03
INCY,Incyte,False,2026-10-03
IR,Ingersoll Rand,False,2026-10-03
PODD,Insulet Corporation,False,2026-10-03
INTC,Intel,True,2026-10-03
IBKR,Interactive Brokers,False,2026-10-03
ICE,Intercontinental Exchange,False,2026-10-03
IFF,International Flavors & Fragrances,False,2026-10-03
IP,International Paper,False,2026-10-03
INTU,Intuit,True,2026-10-03
ISRG,Intuitive Surgical,True,2026-10-03
IVZ,Invesco,False,2026-10-03
INVH,Invitation Homes,False,2026-10-03
IQV,IQVIA,False,2026-10-03
IRM,Iron Mountain,False,2026-10-03
JBHT,J.B. Hunt,False,2026-10-03
JBL,Jabil,False,2026-10-03
JKHY,Jack Henry & Associates,False,2026-10-03
J,Jacobs Solutions,False,2026-10-03
JNJ,Johnson & Johnson,False,2026-10-03
JCI,Johnson Controls,False,2026-10-03
JPM,JPMorgan Chase,False,2026-10-03
KVUE,Kenvue,False,2026-10-03
KDP,Keurig Dr Pepper,True,2026-10-03
KEY,KeyCorp,False,2026-10-03
KEYS,Keysight Technologies,False,2026-10-03
KMB,Kimberly-Clark,False,2026-10-03
KIM,Kimco Realty,False,2026-10-03
KMI,Kinder Morgan,False,2026-10-03
KKR,KKR & Co.,False,2026-10-03
KLAC,KLA Corporation,True,2026-10-03
KHC,Kraft Heinz,True,2026-10-03
KR,Kroger,False,2026-10-03
LHX,L3Harris,False,2026-10-03
LH,Labcorp,False,2026-10-03
LRCX,Lam Research,True,2026-10-03
LVS,Las Vegas Sands,False,2026-10-03
LDOS,Leidos,False,2026-10-03
LEN,Lennar,False,2026-10-03
LII,Lennox International,False,2026-10-03
LLY,Lilly (Eli),False,2026-10-03
LIN,Linde plc,True,2026-10-03
LYV,Live Nation Entertainment,False,2026-10-03
LMT,Lockheed Martin,False,2026-10-03
L,Loews Corporation,False,2026-10-03
LOW,Lowe's,False,2026-10-03
LULU,Lululemon Athletica,True,2026-10-03
LITE,Lumentum,False,2026-10-03
LYB,LyondellBasell,False,2026-10-03
MTB,M&T Bank,False,2026-10-03
MPC,Marathon Petroleum,False,2026-10-03
MAR,Marriott International,True,2026-10-03
MRSH,Marsh McLennan,False,2026-10-03
MLM,Martin Marietta Materials,False,2026-10-03
MRVL,Marvell Technology,True,2026-10-03
MAS,Masco,False,2026-10-03
MA,Mastercard,False,2026-10-03
MKC,McCormick & Company,False,2026-10-03
MCD,McDonald's,False,2026-10-03
MCK,McKesson Corporation,False,2026-10-03
MDT,Medtronic,False,2026-10-03
MRK,Merck & Co.,False,2026-10-03
META,Meta Platforms,True,2026-10-03
MET,MetLife,False,2026-10-03
MTD,Mettler Toledo,False,2026-10-03
MGM,MGM Resorts,False,2026-10-03
MCHP,Microchip Technology,True,2026-10-03
MU,Micron Technology,True,2026-10-03
MSFT,Microsoft,True,2026-10-03
MAA,Mid-America Apartment Communities,False,2026-10-03
MRNA,Moderna,False,2026-10-03
MDLZ,Mondelez International,True,2026-10-03
MPWR,Monolithic Power Systems,False,2026-10-03
MNST,Monster Beverage,True,2026-10-03
MCO,Moody's Corporation,False,2026-10-03
MS,Morgan Stanley,False,2026-10-03
MOS,Mosaic Company (The),False,2026-10-03
MSI,Motorola Solutions,False,2026-10-03
MSCI,MSCI,False,2026-10-03
NDAQ,"Nasdaq, Inc.",False,2026-10-03
NTAP,NetApp,False,2026-10-03
NFLX,Netflix,True,2026-10-03
NEM,Newmont,False,2026-10-03
NWSA,News Corp (Class A),False,2026-10-03
NWS,News Corp (Class B),False,2026-10-03
NEE,NextEra Energy,False,2026-10-03
NKE,"Nike, Inc.",False,2026-10-03
NI,NiSource,False,2026-10-03
NDSN,Nordson Corporation,False,2026-10-03
NSC,Norfolk Southern,False,2026-10-03
NTRS,Northern Trust,False,2026-10-03
NOC,Northrop Grumman,False,2026-10-03
NCLH,Norwegian Cruise Line Holdings,False,2026-10-03
NRG,NRG Energy,False,2026-10-03
NUE,Nucor,False,2026-10-03
NVDA,Nvidia,True,2026-10-03
NVR,"NVR, Inc.",False,2026-10-03
NXPI,NXP Semiconductors,True,2026-10-03
ORLY,O'Reilly Automotive,True,2026-10-03
OXY,Occidental Petroleum,False,2026-10-03
ODFL,Old Dominion,True,2026-10-03
OMC,Omnicom Group,False,2026-10-03
ON,ON Semiconductor,True,2026-10-03
OKE,Oneok,False,2026-10-03
ORCL,Oracle Corporation,False,2026-10-03
OTIS,Otis Worldwide,False,2026-10-03
PCAR,Paccar,True,2026-10-03
PKG,Packaging Corporation of America,False,2026-10-03
PLTR,Palantir Technologies,True,2026-10-03
PANW,Palo Alto Networks,True,2026-10-03
PSKY,Paramount Skydance Corporation,False,2026-10-03
PH,Parker Hannifin,False,2026-10-03
PAYX,Paychex,True,2026-10-03
PYPL,PayPal,True,2026-10-03
PNR,Pentair,False,2026-10-03
PEP,PepsiCo,True,2026-10-03
PFE,Pfizer,False,2026-10-03
PCG,PG&E Corporation,False,2026-10-03
PM,Philip Morris International,False,2026-10-03
PSX,Phillips 66,False,2026-10-03
PNW,Pinnacle West Capital,False,2026-10-03
PNC,PNC Financial Services,False,2026-10-03
PPG,PPG Industries,False,2026-10-03
PPL,PPL Corporation,False,2026-10-03
PFG,Principal Financial Group,False,2026-10-03
PG,Procter & Gamble,False,2026-10-03
PGR,Progressive Corporation,False,2026-10-03
PLD,Prologis,False,2026-10-03
PRU,Prudential Financial,False,2026-10-03
PEG,Public Service Enterprise Group,False,2026-10-03
PTC,PTC Inc.,False,2026-10-03
PSA,Public Storage,False,2026-10-03
PHM,PulteGroup,False,2026-10-03
PWR,Quanta Services,False,2026-10-03
QCOM,Qualcomm,True,2026-10-03
DGX,Quest Diagnostics,False,2026-10-03
Q,Qnity Electronics,False,2026-10-03
RL,Ralph Lauren Corporation,False,2026-10-03
RJF,Raymond James Financial,False,2026-10-03
RDDT,Reddit,False,2026-10-03
RTX,RTX Corporation,False,2026-10-03
O,Realty Income,False,2026-10-03
REG,Regency Centers,False,2026-10-03
REGN,Regeneron Pharmaceuticals,True,2026-10-03
RF,Regions Financial Corporation,False,2026-10-03
RSG,Republic Services,False,2026-10-03
RMD,ResMed|,False,2026-10-03
RVTY,Revvity,False,2026-10-03
HOOD,Robinhood Markets,False,2026-10-03
ROK,Rockwell Automation,False,2026-10-03
ROL,"Rollins, Inc.",False,2026-10-03
ROP,Roper Technologies,True,2026-10-03
ROST,Ross Stores,True,2026-10-03
RCL,Royal Caribbean Group,False,2026-10-03
SPGI,S&P Global,False,2026-10-03
CRM,Salesforce,False,2026-10-03
SNDK,Sandisk,False,2026-10-03
SBAC,SBA Communications,False,2026-10-03
SLB,Schlumberger,False,2026-10-03
STX,Seagate Technology,False,2026-10-03
SRE,Sempra,False,2026-10-03
NOW,ServiceNow,False,2026-10-03
SHW,Sherwin-Williams,False,2026-10-03
SPG,Simon Property Group,False,2026-10-03
SWKS,Skyworks Solutions,False,2026-10-03
SJM,J.M. Smucker Company (The),False,2026-10-03
SW,Smurfit Westrock,False,2026-10-03
SNA,Snap-on,False,2026-10-03
SOLV,Solventum,False,2026-10-03
SO,Southern Company,False,2026-10-03
LUV,Southwest Airlines,False,2026-10-03
SWK,Stanley Black & Decker,False,2026-10-03
SBUX,Starbucks,True,2026-10-03
STT,State Street Corporation,False,2026-10-03
STLD,Steel Dynamics,False,2026-10-03
STE,Steris,False,2026-10-03
SYK,Stryker Corporation,False,2026-10-03
SMCI,Supermicro,False,2026-10-03
SYF,Synchrony Financial,False,2026-10-03
SNPS,Synopsys,True,2026-10-03
SYY,Sysco,False,2026-10-03
TMUS,T-Mobile US,True,2026-10-03
TROW,T. Rowe Price,False,2026-10-03
TTWO,Take-Two Interactive,True,2026-10-03
TPR,"Tapestry, Inc.",False,2026-10-03
TRGP,Targa Resources,False,2026-10-03
TGT,Target Corporation,False,2026-10-03
TEL,TE Connectivity,False,2026-10-03
TDY,Teledyne Technologies,False,2026-10-03
TER,Teradyne,False,2026-10-03
TSLA,"Tesla, Inc.",True,2026-10-03
TXN,Texas Instruments,True,2026-10-03
TPL,Texas Pacific Land Corporation,False,2026-10-03
TXT,Textron,False,2026-10-03
TMO,Thermo Fisher Scientific,False,2026-10-03
TJX,TJX Companies,False,2026-10-03
TKO,TKO Group Holdings,False,2026-10-03
TSCO,Tractor Supply,False,2026-10-03
TT,Trane Technologies,False,2026-10-03
TDG,TransDigm Group,False,2026-10-03
TRV,Travelers Companies (The),False,2026-10-03
TRMB,Trimble Inc.,False,2026-10-03
TFC,Truist Financial,False,2026-10-03
TYL,Tyler Technologies,False,2026-10-03
TSN,Tyson Foods,False,2026-10-03
USB,U.S. Bancorp,False,2026-10-03
UBER,Uber,False,2026-10-03
UDR,"UDR, Inc.",False,2026-10-03
ULTA,Ulta Beauty,False,2026-10-03
UNP,Union Pacific Corporation,False,2026-10-03
UAL,United Airlines Holdings,False,2026-10-03
UPS,United Parcel Service,False,2026-10-03
URI,United Rentals,False,2026-10-03
UNH,UnitedHealth Group,False,2026-10-03
UHS,Universal Health Services,False,2026-10-03
VLO,Valero Energy,False,2026-10-03
VEEV,Veeva Systems,False,2026-10-03
VTR,Ventas,False,2026-10-03
VLTO,Veralto,False,2026-10-03
VRSN,Verisign,False,2026-10-03
VRSK,Verisk Analytics,True,2026-10-03
VZ,Verizon,False,2026-10-03
VRTX,Vertex Pharmaceuticals,True,2026-10-03
VRT,Vertiv,False,2026-10-03
VTRS,Viatris,False,2026-10-03
VICI,Vici Properties,False,2026-10-03
V,Visa Inc.,False,2026-10-03
VST,Vistra Corp.,False,2026-10-03
VMRK,Vivmark Residential,False,2026-10-03
VMC,Vulcan Materials Company,False,2026-10-03
WRB,W. R. Berkley Corporation,False,2026-10-03
GWW,W. W. Grainger,False,2026-10-03
WAB,Wabtec,False,2026-10-03
WMT,Walmart,False,2026-10-03
DIS,Walt Disney Company (The),False,2026-10-03
WBD,Warner Bros. Discovery,True,2026-10-03
WM,Waste Management,False,2026-10-03
WAT,Waters Corporation,False,2026-10-03
WEC,WEC Energy Group,False,2026-10-03
WFC,Wells Fargo,False,2026-10-03
WELL,Welltower,False,2026-10-03
WST,West Pharmaceutical Services,False,2026-10-03
WDC,Western Digital,False,2026-10-03
WY,Weyerhaeuser,False,2026-10-03
WSM,"Williams-Sonoma, Inc.",False,2026-10-03
WMB,Williams Companies,False,2026-10-03
WTW,Willis Towers Watson,False,2026-10-03
WDAY,"Workday, Inc.",True,2026-10-03
WYNN,Wynn Resorts,False,2026-10-03
XEL,Xcel Energy,True,2026-10-03
XYL,Xylem Inc.,False,2026-10-03
YUM,Yum! Brands,False,2026-10-03
ZBRA,Zebra Technologies,False,2026-10-03
ZBH,Zimmer Biomet,False,2026-10-03
ZTS,Zoetis,False,2026-10-03
AA,Alcoa,False,2026-10-03
AAL,American Airlines Group,False,2026-10-03
AAON,AAON,False,2026-10-03
ACI,Albertsons,False,2026-10-03
ACM,AECOM,False,2026-10-03
ADC,Agree Realty,False,2026-10-03
AEIS,Advanced Energy,False,2026-10-03
AFG,American Financial Group,False,2026-10-03
AGCO,AGCO,False,2026-10-03
AGNC,AGNC Investment,False,2026-10-03
AHR,American Healthcare REIT,False,2026-10-03
AIT,Applied Industrial Technologies,False,2026-10-03
ALGM,Allegro MicroSystems,False,2026-10-03
ALK,Alaska Air Group,False,2026-10-03
ALLY,Ally Financial,False,2026-10-03
ALSN,Allison Transmission,False,2026-10-03
ALV,Autoliv,False,2026-10-03
AM,Antero Midstream,False,2026-10-03
AMG,Affiliated Managers Group,False,2026-10-03
AMH,American Homes 4 Rent,False,2026-10-03
AMKR,Amkor Technology,False,2026-10-03
AN,AutoNation,False,2026-10-03
ANF,Abercrombie & Fitch,False,2026-10-03
APG,APi Group,False,2026-10-03
APPF,AppFolio,False,2026-10-03
AR,Antero Resources,False,2026-10-03
ARMK,Aramark,False,2026-10-03
ARW,Arrow Electronics,False,2026-10-03
ARWR,Arrowhead Pharmaceuticals,False,2026-10-03
ASB,Associated Bank,False,2026-10-03
ASH,Ashland Global,False,2026-10-03
ATI,ATI Inc.,False,2026-10-03
ATR,AptarGroup,False,2026-10-03
AVAV,AeroVironment,False,2026-10-03
AVNT,Avient,False,2026-10-03
AVT,Avnet,False,2026-10-03
AVTR,Avantor,False,2026-10-03
AXTA,Axalta,False,2026-10-03
AYI,Acuity Brands,False,2026-10-03
BAH,Booz Allen Hamilton,False,2026-10-03
BBWI,"Bath & Body Works, Inc.",False,2026-10-03
BC,Brunswick,False,2026-10-03
BCO,Brink's,False,2026-10-03
BDC,Belden Inc.,False,2026-10-03
BHF,Brighthouse Financial,False,2026-10-03
BILL,Bill Holdings,False,2026-10-03
BIO,Bio-Rad Laboratories,False,2026-10-03
BJ,BJ's Wholesale Club,False,2026-10-03
BKH,Black Hills Corporation,False,2026-10-03
BMRN,BioMarin Pharmaceutical,False,2026-10-03
BRKR,Bruker,False,2026-10-03
BROS,Dutch Bros Inc.,False,2026-10-03
BRX,Brixmor Property Group,False,2026-10-03
BSY,Bentley Systems,False,2026-10-03
BTSG,BrightSpring Health Services,False,2026-10-03
BURL,Burlington Stores,False,2026-10-03
BWA,BorgWarner,False,2026-10-03
BWXT,BWX Technologies,False,2026-10-03
BYD,Boyd Gaming,False,2026-10-03
CACI,CACI International,False,2026-10-03
CAR,Avis Budget Group,False,2026-10-03
CART,Maplebear Inc.,False,2026-10-03
CAVA,Cava Group,False,2026-10-03
CBSH,Commerce Bancshares,False,2026-10-03
CBT,Cabot Corp,False,2026-10-03
CCK,Crown Holdings,False,2026-10-03
CDE,Coeur Mining,False,2026-10-03
CDP,COPT Defense Properties,False,2026-10-03
CELH,Celsius Holdings,False,2026-10-03
CFR,Frost Bank,False,2026-10-03
CG,Carlyle Group (The),False,2026-10-03
CGNX,Cognex,False,2026-10-03
CHDN,Churchill Downs Inc.,False,2026-10-03
CHE,Chemed Corp.,False,2026-10-03
CHH,Choice Hotels,False,2026-10-03
CHRD,Chord Energy,False,2026-10-03
CHWY,Chewy,False,2026-10-03
CLF,Cleveland-Cliffs,False,2026-10-03
CLH,Clean Harbors,False,2026-10-03
CMC,Commercial Metals,False,2026-10-03
CNH,CNH Industrial,False,2026-10-03
CNM,Core & Main,False,2026-10-03
CNO,CNO Financial Group,False,2026-10-03
CNX,CNX Resources,False,2026-10-03
COKE,Coca-Cola Consolidated,False,2026-10-03
COLB,Columbia Banking System,False,2026-10-03
COLM,Columbia Sportswear,False,2026-10-03
CORT,Corcept Therapeutics,False,2026-10-03
CR,Crane,False,2026-10-03
CRBG,Corebridge Financial,False,2026-10-03
CROX,Crocs,False,2026-10-03
CRS,Carpenter Technology,False,2026-10-03
CRUS,Cirrus Logic,False,2026-10-03
CSL,Carlisle Companies,False,2026-10-03
CTRE,CareTrust REIT,False,2026-10-03
CUBE,CubeSmart,False,2026-10-03
CUZ,Cousins Properties,False,2026-10-03
CVLT,CommVault Systems,False,2026-10-03
CW,Curtiss-Wright,False,2026-10-03
CXT,Crane NXT,False,2026-10-03
CYTK,Cytokinetics,False,2026-10-03
DAR,Darling Ingredients,False,2026-10-03
DBX,Dropbox,False,2026-10-03
DCI,Donaldson Company,False,2026-10-03
DINO,HF Sinclair,False,2026-10-03
DKS,Dick's Sporting Goods,False,2026-10-03
DLB,Dolby,False,2026-10-03
DOCN,DigitalOcean,False,2026-10-03
DOCS,Doximity,False,2026-10-03
DOCU,Docusign,False,2026-10-03
DT,Dynatrace,False,2026-10-03
DTM,DT Midstream,False,2026-10-03
DUOL,Duolingo,False,2026-10-03
DY,Dycom Industries,False,2026-10-03
EAT,Brinker International,False,2026-10-03
EEFT,Euronet Worldwide,False,2026-10-03
EGP,EastGroup Properties,False,2026-10-03
EHC,Encompass Health,False,2026-10-03
ELAN,Elanco,False,2026-10-03
ELF,e.l.f. Beauty,False,2026-10-03
ELS,Equity Lifestyle Properties,False,2026-10-03
ENS,EnerSys,False,2026-10-03
ENSG,Ensign Group,False,2026-10-03
ENTG,Entegris,False,2026-10-03
EPR,EPR Properties,False,2026-10-03
EQH,Equitable Holdings,False,2026-10-03
ESAB,ESAB,False,2026-10-03
ESNT,Essent Group Ltd.,False,2026-10-03
EVR,Evercore,False,2026-10-03
EWBC,East West Bancorp,False,2026-10-03
EXEL,Exelixis,False,2026-10-03
EXLS,EXL Service,False,2026-10-03
EXP,Eagle Materials,False,2026-10-03
EXPO,"Exponent, Inc.",False,2026-10-03
FAF,First American Financial Corporation,False,2026-10-03
FBIN,Fortune Brands Innovations,False,2026-10-03
FCFS,FirstCash,False,2026-10-03
FCN,FTI Consulting,False,2026-10-03
FFIN,First Financial Bankshares,False,2026-10-03
FHI,Federated Hermes,False,2026-10-03
FHN,First Horizon,False,2026-10-03
FIVE,Five Below,False,2026-10-03
FLG,Flagstar Bank,False,2026-10-03
FLR,Fluor,False,2026-10-03
FLS,Flowserve,False,2026-10-03
FN,Fabrinet,False,2026-10-03
FNB,FNB Corporation,False,2026-10-03
FND,Floor & Decor,False,2026-10-03
FNF,Fidelity National Financial,False,2026-10-03
FOUR,Shift4,False,2026-10-03
FR,First Industrial Realty Trust,False,2026-10-03
FTI,TechnipFMC,False,2026-10-03
G,Genpact,False,2026-10-03
GAP,Gap Inc.,False,2026-10-03
GATX,GATX,False,2026-10-03
GBCI,Glacier Bancorp,False,2026-10-03
GEF,"Greif, Inc.",False,2026-10-03
GGG,Graco Inc.,False,2026-10-03
GHC,Graham Holdings,False,2026-10-03
GLPI,Gaming and Leisure Properties,False,2026-10-03
GME,GameStop,False,2026-10-03
GMED,Globus Medical,False,2026-10-03
GNTX,Gentex,False,2026-10-03
GPK,Graphic Packaging,False,2026-10-03
GWRE,Guidewire Software,False,2026-10-03
GXO,GXO Logistics,False,2026-10-03
H,Hyatt,False,2026-10-03
HAE,Haemonetics,False,2026-10-03
HALO,Halozyme,False,2026-10-03
HGV,Hilton Grand Vacations,False,2026-10-03
HIMS,Hims & Hers Health,False,2026-10-03
HL,Hecla Mining,False,2026-10-03
HLI,Houlihan Lokey,False,2026-10-03
HLNE,Hamilton Lane,False,2026-10-03
HOG,Harley-Davidson,False,2026-10-03
HOMB,Home BancShares,False,2026-10-03
HQY,HealthEquity,False,2026-10-03
HR,Healthcare Realty Trust,False,2026-10-03
HRB,H&R Block,False,2026-10-03
HUBS,HubSpot,False,2026-10-03
HWC,Hancock Whitney,False,2026-10-03
HXL,Hexcel,False,2026-10-03
IBOC,Intl Bancshares Corp,False,2026-10-03
IDA,Idacorp,False,2026-10-03
IDCC,InterDigital,False,2026-10-03
IESC,IES Holdings,False,2026-10-03
INGR,Ingredion,False,2026-10-03
IPGP,IPG Photonics,False,2026-10-03
IRT,Independence Realty Trust,False,2026-10-03
ITT,ITT Inc.,False,2026-10-03
JAZZ,Jazz Pharmaceuticals,False,2026-10-03
JEF,Jefferies,False,2026-10-03
JLL,Jones Lang LaSalle,False,2026-10-03
KBH,KB Home,False,2026-10-03
KBR,"KBR, Inc.",False,2026-10-03
KD,Kyndryl,False,2026-10-03
KEX,Kirby Corporation,False,2026-10-03
KNF,Knife River Corporation,False,2026-10-03
KNSL,Kinsale Capital Group,False,2026-10-03
KNX,Knight-Swift,False,2026-10-03
KRC,Kilroy Realty Corp,False,2026-10-03
KRG,Kite Realty Group Trust,False,2026-10-03
KRYS,Krystal Biotech,False,2026-10-03
KTOS,Kratos Defense & Security Solutions,False,2026-10-03
LAD,Lithia Motors,False,2026-10-03
LAMR,Lamar Advertising Company,False,2026-10-03
LEA,Lear,False,2026-10-03
LECO,Lincoln Electric,False,2026-10-03
LFUS,Littelfuse,False,2026-10-03
LIVN,LivaNova,False,2026-10-03
LNTH,Lantheus Holdings,False,2026-10-03
LOPE,Grand Canyon Education,False,2026-10-03
LPX,Louisiana-Pacific,False,2026-10-03
LSCC,Lattice Semiconductor,False,2026-10-03
LSTR,Landstar System,False,2026-10-03
M,Macy's,False,2026-10-03
MANH,Manhattan Associates,False,2026-10-03
MAT,Mattel,False,2026-10-03
MEDP,Medpace,False,2026-10-03
MIDD,Middleby,False,2026-10-03
MKSI,MKS Instruments,False,2026-10-03
MLI,Mueller Industries,False,2026-10-03
MMS,Maximus Inc.,False,2026-10-03
MOG-A,Moog Inc.,False,2026-10-03
MOH,Molina Healthcare,False,2026-10-03
MORN,"Morningstar, Inc.",False,2026-10-03
MP,MP Materials,False,2026-10-03
MSA,MSA Safety,False,2026-10-03
MSM,MSC Industrial Direct,False,2026-10-03
MTDR,Matador Resources,False,2026-10-03
MTG,MGIC Investment Corporation,False,2026-10-03
MTN,Vail Resorts,False,2026-10-03
MTSI,MACOM Technology Solutions,False,2026-10-03
MTZ,MasTec,False,2026-10-03
MUR,Murphy Oil,False,2026-10-03
MUSA,Murphy USA,False,2026-10-03
MZTI,The Marzetti Company,False,2026-10-03
NBIX,Neurocrine Biosciences,False,2026-10-03
NEU,NewMarket Corporation,False,2026-10-03
NFG,National Fuel Gas,False,2026-10-03
NJR,New Jersey Resources,False,2026-10-03
NLY,Annaly Capital Management,False,2026-10-03
NNN,NNN Reit,False,2026-10-03
NOV,NOV Inc.,False,2026-10-03
NOVT,Novanta,False,2026-10-03
NTNX,Nutanix,False,2026-10-03
NVST,Envista Holdings,False,2026-10-03
NVT,nVent Electric plc,False,2026-10-03
NWE,NorthWestern Energy,False,2026-10-03
NXST,Nexstar Media Group,False,2026-10-03
NXT,Nextpower,False,2026-10-03
NYT,New York Times Company,False,2026-10-03
OC,Owens Corning,False,2026-10-03
OGE,OGE Energy,False,2026-10-03
OGS,One Gas,False,2026-10-03
OHI,Omega Healthcare Investors,False,2026-10-03
OKTA,"Okta, Inc.",False,2026-10-03
OLED,Universal Display,False,2026-10-03
OLLI,Ollie's Bargain Outlet,False,2026-10-03
OLN,Olin Corporation,False,2026-10-03
ONB,Old National Bank,False,2026-10-03
ONTO,Onto Innovation,False,2026-10-03
OPCH,Option Care Health,False,2026-10-03
ORA,Ormat Technologies,False,2026-10-03
ORI,Old Republic International,False,2026-10-03
OSK,Oshkosh,False,2026-10-03
OVV,Ovintiv,False,2026-10-03
OZK,Bank OZK,False,2026-10-03
PAG,Penske Automotive Group,False,2026-10-03
PATH,UiPath,False,2026-10-03
PB,Prosperity Bancshares,False,2026-10-03
PBF,PBF Energy,False,2026-10-03
PCTY,Paylocity,False,2026-10-03
PEGA,Pegasystems,False,2026-10-03
PEN,"Penumbra, Inc.",False,2026-10-03
PFGC,Performance Food Group,False,2026-10-03
PII,Polaris,False,2026-10-03
PINS,Pinterest,False,2026-10-03
PK,Park Hotels & Resorts,False,2026-10-03
PLNT,Planet Fitness,False,2026-10-03
PNFP,Pinnacle Financial Partners,False,2026-10-03
POR,Portland General Electric,False,2026-10-03
POST,Post Holdings,False,2026-10-03
PPC,Pilgrim's Pride,False,2026-10-03
PR,Permian Resources,False,2026-10-03
PRI,Primerica,False,2026-10-03
PSN,Parsons Corporation,False,2026-10-03
PVH,PVH Corp.,False,2026-10-03
QLYS,Qualys,False,2026-10-03
R,Ryder,False,2026-10-03
RBA,RB Global,False,2026-10-03
RBC,RBC Bearings,False,2026-10-03
REXR,Rexford Industrial Realty,False,2026-10-03
RGA,Reinsurance Group of America,False,2026-10-03
RGEN,Repligen,False,2026-10-03
RGLD,Royal Gold,False,2026-10-03
RH,RH,False,2026-10-03
RLI,RLI Corp.,False,2026-10-03
RMBS,Rambus,False,2026-10-03
RNR,RenaissanceRe,False,2026-10-03
ROIV,Roivant Sciences,False,2026-10-03
ROKU,"Roku, Inc.",False,2026-10-03
RPM,RPM International,False,2026-10-03
RRC,Range Resources,False,2026-10-03
RRX,Regal Rexnord,False,2026-10-03
RS,"Reliance, Inc.",False,2026-10-03
RYAN,Ryan Specialty,False,2026-10-03
RYN,Rayonier,False,2026-10-03
SAIA,Saia,False,2026-10-03
SAIC,Science Applications Intl Corp,False,2026-10-03
SANM,Sanmina Corporation,False,2026-10-03
SARO,StandardAero,False,2026-10-03
SBRA,Sabra Health Care REIT,False,2026-10-03
SCI,Service Corp Intl,False,2026-10-03
SEIC,SEI Investments Company,False,2026-10-03
SF,Stifel,False,2026-10-03
SFM,Sprouts Farmers Market,False,2026-10-03
SGI,Somnigroup International,False,2026-10-03
SHC,Sotera Health,False,2026-10-03
SIGI,Selective Insurance Group,False,2026-10-03
SIRI,SiriusXM,False,2026-10-03
SITM,SiTime,False,2026-10-03
SLAB,Silicon Labs,False,2026-10-03
SLGN,Silgan Holdings,False,2026-10-03
SLM,SLM Corp,False,2026-10-03
SMG,Scotts Miracle-Gro Company,False,2026-10-03
SMTC,Semtech,False,2026-10-03
SN,SharkNinja,False,2026-10-03
SNX,TD Synnex,False,2026-10-03
SOLS,Solstice Advanced Materials,False,2026-10-03
SON,Sonoco,False,2026-10-03
SPXC,SPX Technologies,False,2026-10-03
SR,Spire,False,2026-10-03
SSB,South State Bank,False,2026-10-03
SSD,Simpson Manufacturing,False,2026-10-03
ST,Sensata Technologies,False,2026-10-03
STAG,STAG Industrial,False,2026-10-03
STRL,Sterling Infrastructure,False,2026-10-03
STWD,Starwood Property Trust,False,2026-10-03
SUI,Sun Communities,False,2026-10-03
SWX,Southwest Gas Corp,False,2026-10-03
SYNA,Synaptics,False,2026-10-03
TCBI,Texas Capital Bancshares,False,2026-10-03
TEX,Terex,False,2026-10-03
THC,Tenet Health,False,2026-10-03
THG,Hanover Insurance,False,2026-10-03
THO,Thor Industries,False,2026-10-03
TKR,Timken,False,2026-10-03
TLN,Talen Energy,False,2026-10-03
TNL,Travel + Leisure Co.,False,2026-10-03
TOL,Toll Brothers,False,2026-10-03
TOST,"Toast, Inc.",False,2026-10-03
TREX,Trex,False,2026-10-03
TRU,TransUnion,False,2026-10-03
TTC,Toro,False,2026-10-03
TTEK,Tetra Tech,False,2026-10-03
TTMI,TTM Technologies,False,2026-10-03
TWLO,Twilio,False,2026-10-03
TXNM,TXNM Energy,False,2026-10-03
TXRH,Texas Roadhouse,False,2026-10-03
UBSI,United Bankshares,False,2026-10-03
UFPI,UFP Industries,False,2026-10-03
UGI,UGI Corp,False,2026-10-03
ULS,UL Solutions,False,2026-10-03
UMBF,UMB Financial Corp.,False,2026-10-03
UNM,Unum,False,2026-10-03
USFD,US Foods,False,2026-10-03
UTHR,United Therapeutics,False,2026-10-03
VAL,Valaris,False,2026-10-03
VC,Visteon,False,2026-10-03
VFC,VF Corporation,False,2026-10-03
VIAV,Viavi Solutions,False,2026-10-03
VICR,Vicor Corporation,False,2026-10-03
VLY,Valley Bank,False,2026-10-03
VMI,Valmont Industries,False,2026-10-03
VNO,Vornado Realty Trust,False,2026-10-03
VNOM,Viper Energy,False,2026-10-03
VNT,Vontier,False,2026-10-03
VOYA,Voya Financial,False,2026-10-03
VVV,Valvoline,False,2026-10-03
WAL,Western Alliance Bancorporation,False,2026-10-03
WCC,WESCO International,False,2026-10-03
WEX,WEX Inc.,False,2026-10-03
WFRD,Weatherford International,False,2026-10-03
WH,Wyndham Hotels & Resorts,False,2026-10-03
WHR,Whirlpool Corporation,False,2026-10-03
WING,Wingstop,False,2026-10-03
WLK,Westlake Corporation,False,2026-10-03
WMG,Warner Music Group,False,2026-10-03
WMS,Advanced Drainage Systems,False,2026-10-03
WPC,W. P. Carey,False,2026-10-03
WSO,Watsco,False,2026-10-03
WTFC,Wintrust Financial,False,2026-10-03
WTRG,Essential Utilities,False,2026-10-03
WTS,Watts Water Technologies,False,2026-10-03
WWD,"Woodward, Inc.",False,2026-10-03
XPO,"XPO, Inc.",False,2026-10-03
XRAY,Dentsply Sirona,False,2026-10-03
YETI,Yeti Holdings,False,2026-10-03
ZION,Zions Bancorporation,False,2026-10-03
ASML,ASML,True,2026-10-03
AZN,AZN,True,2026-10-03
ARM,ARM,True,2026-10-03
PDD,PDD,True,2026-10-03
MELI,MELI,True,2026-10-03
EA,EA,True,2026-10-03
TEAM,TEAM,True,2026-10-03
CCEP,CCEP,True,2026-10-03
ZS,ZS,True,2026-10-03
TTD,TTD,True,2026-10-03
GFS,GFS,True,2026-10-03
MDB,MDB,True,2026-10-03
SHOP,SHOP,True,2026-10-03
MSTR,MSTR,True,2026-10-03
TRI,TRI,True,2026-10-03
